First Name,Last Name,Account Name,Email,Phone,Mobile,Title,Department,Lead Source,Mailing Street,Mailing City,Mailing State,Mailing Zip,Mailing Country,Description
Aarav,Sharma,Aarav Sharma,aarav.s@gmail.com,+91-9876543210,+91-9876543210,Cat Parent,Self / Home,Instagram,"#42, 1st Main, Koramangala",Bengaluru,Karnataka,560034,India,Monthly subscriber since Jan 2026. 1 cat - Whiskers. Very satisfied.
Priya,Patel,Priya Patel,priya.p@outlook.com,+91-9876543211,+91-9876543211,Cat Parent,Self / Home,WhatsApp,"#15, 3rd Cross, HSR Layout",Bengaluru,Karnataka,560102,India,Bi-weekly subscriber. 2 cats - Muffin and Cookie. Prefers chicken flavor.
Vikram,Reddy,Vikram Reddy,vikram.r@gmail.com,+91-9876543212,+91-9876543212,Cat Parent,Self / Home,Referral,"#78, 5th Block, Jayanagar",Bengaluru,Karnataka,560041,India,Monthly subscriber. 1 cat - Simba. Recently upgraded to larger pack.
Sneha,Nair,Sneha Nair,sneha.n@yahoo.com,+91-9876543213,+91-9876543213,Cat Parent,Self / Home,Website,"#23, 2nd Stage, BTM Layout",Bengaluru,Karnataka,560076,India,At-risk subscriber. Skipped last cycle. 1 cat - Luna. Needs follow-up.
Rahul,Gupta,Rahul Gupta,rahul.g@gmail.com,+91-9876543214,+91-9876543214,Cat Parent,Self / Home,Instagram,"#91, 4th Main, Indiranagar",Bengaluru,Karnataka,560038,India,Monthly subscriber. 1 cat - Tiger. Referral source: Instagram.
Ananya,Iyer,Ananya Iyer,ananya.i@hotmail.com,+91-9876543215,+91-9876543215,Cat Parent,Self / Home,Pet Community,"#56, 1st Cross, JP Nagar",Bengaluru,Karnataka,560078,India,"Quarterly subscriber. 3 cats - Milo, Oreo, and Ginger. High value account."
Karthik,Menon,Karthik Menon,karthik.m@gmail.com,+91-9876543216,+91-9876543216,Cat Parent,Self / Home,Facebook,"#34, 7th Block, Banashankari",Bengaluru,Karnataka,560050,India,"Monthly subscriber. 1 cat - Leo. Works in IT, prefers WhatsApp communication."
Meera,Desai,Meera Desai,meera.d@outlook.com,+91-9876543217,+91-9876543217,Cat Parent,Self / Home,WhatsApp,"#67, 3rd Main, Whitefield",Bengaluru,Karnataka,560066,India,At-risk. Payment delayed twice. 1 cat - Bella. Needs gentle follow-up.
Arjun,Rao,Arjun Rao,arjun.r@gmail.com,+91-9876543218,+91-9876543218,Cat Parent,Self / Home,Referral,"#12, 2nd Block, Marathahalli",Bengaluru,Karnataka,560037,India,Bi-weekly subscriber. 2 cats - Shadow and Snowy. Loves the treats.
Divya,Kumar,Divya Kumar,divya.k@yahoo.com,+91-9876543219,+91-9876543219,Cat Parent,Self / Home,Website,"#89, 4th Cross, Electronic City",Bengaluru,Karnataka,560100,India,"Monthly subscriber. 1 cat - Coco. First-time cat parent, needs guidance."
Nikhil,Joshi,Nikhil Joshi,nikhil.j@gmail.com,+91-9876543220,+91-9876543220,Cat Parent,Self / Home,Instagram,"#45, 1st Main, MG Road",Bengaluru,Karnataka,560001,India,"Monthly subscriber. 1 cat - Felix. Very active on social media, potential influencer."
Pooja,Malhotra,Pooja Malhotra,pooja.m@outlook.com,+91-9876543221,+91-9876543221,Cat Parent,Self / Home,Pet Community,"#78, 6th Block, Rajajinagar",Bengaluru,Karnataka,560010,India,"Quarterly subscriber. 1 cat - Daisy. Corporate employee, values convenience."
Siddharth,Venkat,Siddharth Venkat,siddharth.v@gmail.com,+91-9876543222,+91-9876543222,Cat Parent,Self / Home,Facebook,"#23, 2nd Stage, Malleshwaram",Bengaluru,Karnataka,560003,India,Monthly subscriber. 2 cats - Rocky and Bruno. Prefers fish flavor.
Kavya,Rao,Kavya Rao,kavya.r@hotmail.com,+91-9876543223,+91-9876543223,Cat Parent,Self / Home,Referral,"#56, 4th Main, Basavanagudi",Bengaluru,Karnataka,560004,India,Bi-weekly subscriber. 1 cat - Chloe. Recently complained about delivery delay.
Rohan,Bhat,Rohan Bhat,rohan.b@gmail.com,+91-9876543224,+91-9876543224,Cat Parent,Self / Home,WhatsApp,"#91, 1st Cross, Vijayanagar",Bengaluru,Karnataka,560040,India,At-risk. Considering cancellation. 1 cat - Max. Price sensitivity issue.
Isha,Chopra,Isha Chopra,isha.c@outlook.com,+91-9876543225,+91-9876543225,Cat Parent,Self / Home,Website,"#34, 3rd Block, Hebbal",Bengaluru,Karnataka,560024,India,"Monthly subscriber. 1 cat - Lucy. Very happy, gave 5-star review."
Aditya,Singh,Aditya Singh,aditya.s@gmail.com,+91-9876543226,+91-9876543226,Cat Parent,Self / Home,Instagram,"#67, 5th Main, Yelahanka",Bengaluru,Karnataka,560064,India,Monthly subscriber. 1 cat - Charlie. Referred by existing customer.
Neha,Agarwal,Neha Agarwal,neha.a@yahoo.com,+91-9876543227,+91-9876543227,Cat Parent,Self / Home,Pet Community,"#12, 2nd Stage, Bellandur",Bengaluru,Karnataka,560103,India,Quarterly subscriber. 2 cats - Lola and Coco. Multi-cat plan candidate.
Varun,Mehta,Varun Mehta,varun.m@gmail.com,+91-9876543228,+91-9876543228,Cat Parent,Self / Home,Facebook,"#89, 4th Cross, Sarjapur",Bengaluru,Karnataka,560035,India,Monthly subscriber. 1 cat - Oscar. Recently moved to new address.
Shreya,Banerjee,Shreya Banerjee,shreya.b@outlook.com,+91-9876543229,+91-9876543229,Cat Parent,Self / Home,Referral,"#45, 1st Main, Domlur",Bengaluru,Karnataka,560071,India,Bi-weekly subscriber. 1 cat - Molly. Very responsive on WhatsApp.
Manish,Khanna,Manish Khanna,manish.k@gmail.com,+91-9876543230,+91-9876543230,Cat Parent,Self / Home,WhatsApp,"#78, 3rd Block, Kalyan Nagar",Bengaluru,Karnataka,560043,India,At-risk. No response to last 3 messages. 1 cat - Buddy. Win-back needed.
Tanya,Verma,Tanya Verma,tanya.v@hotmail.com,+91-9876543231,+91-9876543231,Cat Parent,Self / Home,Website,"#23, 2nd Cross, Frazer Town",Bengaluru,Karnataka,560005,India,Monthly subscriber. 1 cat - Luna. Loves the subscription convenience.
Gaurav,Pillai,Gaurav Pillai,gaurav.p@gmail.com,+91-9876543232,+91-9876543232,Cat Parent,Self / Home,Instagram,"#56, 4th Main, Cox Town",Bengaluru,Karnataka,560005,India,Quarterly subscriber. 1 cat - Jack. Prefers email communication.
Ritu,Shah,Ritu Shah,ritu.s@outlook.com,+91-9876543233,+91-9876543233,Cat Parent,Self / Home,Pet Community,"#91, 1st Stage, Richmond Town",Bengaluru,Karnataka,560025,India,Monthly subscriber. 2 cats - Milo and Leo. Potential upsell to treats.
Amit,Mishra,Amit Mishra,amit.m@yahoo.com,+91-9876543234,+91-9876543234,Cat Parent,Self / Home,Facebook,"#34, 3rd Cross, Ulsoor",Bengaluru,Karnataka,560008,India,"Bi-weekly subscriber. 1 cat - Bella. Student, budget-conscious."
Sonal,Das,Sonal Das,sonal.d@gmail.com,+91-9876543235,+91-9876543235,Cat Parent,Self / Home,Referral,"#67, 5th Block, Shivajinagar",Bengaluru,Karnataka,560051,India,Monthly subscriber. 1 cat - Duke. Very particular about ingredients.
Rajesh,Nambiar,Rajesh Nambiar,rajesh.n@outlook.com,+91-9876543236,+91-9876543236,Cat Parent,Self / Home,WhatsApp,"#12, 2nd Main, Commercial Street",Bengaluru,Karnataka,560001,India,Quarterly subscriber. 1 cat - Sadie. Corporate referral from colleague.
Anjali,Kulkarni,Anjali Kulkarni,anjali.k@gmail.com,+91-9876543237,+91-9876543237,Cat Parent,Self / Home,Website,"#89, 4th Block, Austin Town",Bengaluru,Karnataka,560047,India,Monthly subscriber. 1 cat - Toby. Recently asked about referral program.
Deepak,Shetty,Deepak Shetty,deepak.s@hotmail.com,+91-9876543238,+91-9876543238,Cat Parent,Self / Home,Instagram,"#45, 1st Cross, Langford Town",Bengaluru,Karnataka,560025,India,"Bi-weekly subscriber. 2 cats - Coco and Lola. New subscriber, March 2026."
Swati,Ghosh,Swati Ghosh,swati.g@gmail.com,+91-9876543239,+91-9876543239,Cat Parent,Self / Home,Pet Community,"#78, 3rd Main, Benson Town",Bengaluru,Karnataka,560046,India,"Monthly subscriber. 1 cat - Ginger. Very engaged, posts photos regularly."
