Deal Name,Account Name,Contact Name,Amount,Closing Date,Stage,Type,Lead Source,Next Step,Probability,Expected Revenue,Campaign Source,Description
Aarav Sharma - Monthly Subscription,Aarav Sharma,Aarav Sharma,2499,2026-01-15,Closed Won,New Business,Instagram,Reorder due Aug 15 - send payment link,100,2499,,Monthly plan: 1x Chicken Adult 2kg. Auto-reorder every 30 days.
Priya Patel - Bi-weekly Subscription,Priya Patel,Priya Patel,4499,2026-01-20,Closed Won,New Business,WhatsApp,Reorder due Aug 20 - confirm SKU,100,4499,,Bi-weekly plan: 2x Chicken Adult 2kg every 15 days.
Vikram Reddy - Monthly Subscription,Vikram Reddy,Vikram Reddy,2499,2026-02-01,Closed Won,New Business,Referral,Reorder due Sep 1 - WhatsApp reminder,100,2499,,Monthly plan: 1x Fish Adult 2kg. Recently upgraded from 1kg.
Sneha Nair - Monthly Subscription,Sneha Nair,Sneha Nair,2499,2026-02-10,Closed Won,New Business,Website,URGENT: Payment pending for Aug cycle,100,2499,,Monthly plan: 1x Chicken Kitten 1.5kg. AT-RISK: Skipped last cycle.
Rahul Gupta - Monthly Subscription,Rahul Gupta,Rahul Gupta,2499,2026-02-15,Closed Won,New Business,Instagram,Reorder due Sep 5 - send payment link,100,2499,,Monthly plan: 1x Chicken Adult 2kg. Very satisfied customer.
Ananya Iyer - Quarterly Subscription,Ananya Iyer,Ananya Iyer,6999,2026-03-01,Closed Won,New Business,Pet Community,Reorder due Sep 10 - confirm quantity,100,6999,,Quarterly plan: 3x Chicken Adult 2kg + 1x Treats Pack. High value.
Karthik Menon - Monthly Subscription,Karthik Menon,Karthik Menon,2499,2026-03-05,Closed Won,New Business,Facebook,Reorder due Sep 12 - WhatsApp reminder,100,2499,,Monthly plan: 1x Chicken Adult 2kg. Prefers WhatsApp only.
Meera Desai - Monthly Subscription,Meera Desai,Meera Desai,2499,2026-03-10,Closed Won,New Business,WhatsApp,URGENT: Payment pending for Aug cycle,100,2499,,Monthly plan: 1x Fish Adult 2kg. AT-RISK: 2 delayed payments.
Arjun Rao - Bi-weekly Subscription,Arjun Rao,Arjun Rao,4499,2026-03-15,Closed Won,New Business,Referral,Reorder due Sep 18 - confirm SKU,100,4499,,Bi-weekly plan: 2x Chicken Adult 2kg. Loves treats add-on.
Divya Kumar - Monthly Subscription,Divya Kumar,Divya Kumar,2499,2026-03-20,Closed Won,New Business,Website,Reorder due Sep 20 - send payment link,100,2499,,Monthly plan: 1x Chicken Kitten 1.5kg. New cat parent.
Nikhil Joshi - Monthly Subscription,Nikhil Joshi,Nikhil Joshi,2499,2026-04-01,Closed Won,New Business,Instagram,Reorder due Oct 1 - WhatsApp reminder,100,2499,,Monthly plan: 1x Chicken Adult 2kg. Social media active.
Pooja Malhotra - Quarterly Subscription,Pooja Malhotra,Pooja Malhotra,6999,2026-04-05,Closed Won,New Business,Pet Community,Reorder due Oct 5 - confirm quantity,100,6999,,Quarterly plan: 3x Fish Adult 2kg. Corporate employee.
Siddharth Venkat - Monthly Subscription,Siddharth Venkat,Siddharth Venkat,4499,2026-04-10,Closed Won,New Business,Facebook,Reorder due Oct 10 - send payment link,100,4499,,Monthly plan: 2x Fish Adult 2kg. 2 cats.
Kavya Rao - Bi-weekly Subscription,Kavya Rao,Kavya Rao,4499,2026-04-15,Closed Won,New Business,Referral,Reorder due Oct 15 - confirm SKU,100,4499,,Bi-weekly plan: 2x Chicken Adult 2kg. Recent delivery complaint.
Rohan Bhat - Monthly Subscription,Rohan Bhat,Rohan Bhat,2499,2026-04-20,Closed Won,New Business,WhatsApp,"URGENT: At-risk, call today",100,2499,,Monthly plan: 1x Chicken Adult 2kg. AT-RISK: Considering cancellation.
Isha Chopra - Monthly Subscription,Isha Chopra,Isha Chopra,2499,2026-05-01,Closed Won,New Business,Website,Reorder due Oct 25 - WhatsApp reminder,100,2499,,Monthly plan: 1x Chicken Adult 2kg. 5-star review given.
Aditya Singh - Monthly Subscription,Aditya Singh,Aditya Singh,2499,2026-05-05,Closed Won,New Business,Instagram,Reorder due Nov 1 - send payment link,100,2499,,Monthly plan: 1x Fish Adult 2kg. Referred customer.
Neha Agarwal - Quarterly Subscription,Neha Agarwal,Neha Agarwal,6999,2026-05-10,Closed Won,New Business,Pet Community,Reorder due Nov 5 - confirm quantity,100,6999,,Quarterly plan: 3x Chicken Adult 2kg. 2 cats - upsell candidate.
Varun Mehta - Monthly Subscription,Varun Mehta,Varun Mehta,2499,2026-05-15,Closed Won,New Business,Facebook,Reorder due Nov 10 - WhatsApp reminder,100,2499,,Monthly plan: 1x Chicken Adult 2kg. Address changed recently.
Shreya Banerjee - Bi-weekly Subscription,Shreya Banerjee,Shreya Banerjee,4499,2026-05-20,Closed Won,New Business,Referral,Reorder due Nov 15 - confirm SKU,100,4499,,Bi-weekly plan: 2x Chicken Adult 2kg. Very responsive.
Manish Khanna - Monthly Subscription,Manish Khanna,Manish Khanna,2499,2026-06-01,Closed Won,New Business,WhatsApp,URGENT: Win-back call needed,100,2499,,Monthly plan: 1x Chicken Kitten 1.5kg. AT-RISK: No response.
Tanya Verma - Monthly Subscription,Tanya Verma,Tanya Verma,2499,2026-06-05,Closed Won,New Business,Website,Reorder due Nov 25 - send payment link,100,2499,,Monthly plan: 1x Chicken Adult 2kg. Happy subscriber.
Gaurav Pillai - Quarterly Subscription,Gaurav Pillai,Gaurav Pillai,6999,2026-06-10,Closed Won,New Business,Instagram,Reorder due Dec 1 - confirm quantity,100,6999,,Quarterly plan: 3x Fish Adult 2kg. Prefers email.
Ritu Shah - Monthly Subscription,Ritu Shah,Ritu Shah,4499,2026-06-15,Closed Won,New Business,Pet Community,Reorder due Dec 5 - WhatsApp reminder,100,4499,,Monthly plan: 2x Chicken Adult 2kg. Upsell to treats pending.
Amit Mishra - Bi-weekly Subscription,Amit Mishra,Amit Mishra,4499,2026-06-20,Closed Won,New Business,Facebook,Reorder due Dec 10 - confirm SKU,100,4499,,"Bi-weekly plan: 2x Chicken Kitten 1.5kg. Student, budget plan."
Sonal Das - Monthly Subscription,Sonal Das,Sonal Das,2499,2026-07-01,Closed Won,New Business,Referral,Reorder due Dec 15 - send payment link,100,2499,,Monthly plan: 1x Chicken Adult 2kg. Ingredient-conscious.
Rajesh Nambiar - Quarterly Subscription,Rajesh Nambiar,Rajesh Nambiar,6999,2026-07-05,Closed Won,New Business,WhatsApp,Reorder due Dec 20 - confirm quantity,100,6999,,Quarterly plan: 3x Chicken Adult 2kg. Corporate referral.
Anjali Kulkarni - Monthly Subscription,Anjali Kulkarni,Anjali Kulkarni,2499,2026-07-10,Closed Won,New Business,Website,Reorder due Dec 25 - WhatsApp reminder,100,2499,,Monthly plan: 1x Fish Adult 2kg. Asked about referral program.
Deepak Shetty - Bi-weekly Subscription,Deepak Shetty,Deepak Shetty,4499,2026-07-15,Closed Won,New Business,Instagram,Reorder due Dec 28 - confirm SKU,100,4499,,Bi-weekly plan: 2x Chicken Adult 2kg. New subscriber March 2026.
Swati Ghosh - Monthly Subscription,Swati Ghosh,Swati Ghosh,2499,2026-07-20,Closed Won,New Business,Pet Community,Reorder due Jan 1 - send payment link,100,2499,,Monthly plan: 1x Chicken Adult 2kg. Posts photos regularly.
